ano,pais,quantidade_litros,valor_usd,quantidade_litros_var,valor_usd_var,valor_medio_litro,regiao,tendencia_quantidade,tendencia_valor
2022,"Alemanha, República Democrática",7630.0,45367.0,0.0,0.0,5.945871559633027,Outros,3.0,3.0
2022,Angola,4068.0,4761.0,0.0,0.0,1.170353982300885,Outros,4.0,4.0
2022,Antígua e Barbuda,419.0,1866.0,0.0,0.0,4.4534606205250595,Outros,6.0,6.0
2022,Argentina,480.0,3232.0,0.0,0.0,6.733333333333333,América Latina,9.0,9.0
2022,Austrália,1424.0,12299.0,0.0,0.0,8.63693820224719,Outros,11.0,11.0
2022,Áustria,6.0,212.0,0.0,0.0,35.333333333333336,Outros,12.0,12.0
2022,Bahamas,1215.0,5799.0,0.0,0.0,4.77283950617284,Outros,13.0,13.0
2022,Bangladesh,7.0,84.0,0.0,0.0,12.0,Outros,14.0,14.0
2022,Barbados,220.0,1145.0,0.0,0.0,5.204545454545454,Outros,15.0,15.0
2022,Barein,979.0,2789.0,0.0,0.0,2.8488253319713994,Outros,16.0,16.0
2022,Bélgica,828.0,6145.0,0.0,0.0,7.421497584541063,Outros,17.0,17.0
2022,Bolívia,32530.0,49011.0,0.0,0.0,1.5066400245926836,Outros,21.0,21.0
2022,Brazil,2504.0,952.0,0.0,0.0,0.3801916932907348,América Latina,23.0,23.0
2022,Bulgária,5.0,31.0,0.0,0.0,6.2,Outros,24.0,24.0
2022,Canadá,1183.0,5784.0,0.0,0.0,4.889264581572274,América do Norte,27.0,27.0
2022,"Cayman, Ilhas",160.0,958.0,0.0,0.0,5.9875,Outros,29.0,29.0
2022,Chile,2094.0,7986.0,0.0,0.0,3.8137535816618913,América Latina,30.0,30.0
2022,China,105395.0,404647.0,0.0,0.0,3.839337729493809,Outros,31.0,31.0
2022,Chipre,1521.0,4458.0,0.0,0.0,2.9309664694280078,Outros,32.0,32.0
2022,"Cocos (Keeling), Ilhas",26.0,60.0,0.0,0.0,2.3076923076923075,Outros,34.0,34.0
2022,Colômbia,8217.0,14068.0,0.0,0.0,1.7120603626627724,Outros,35.0,35.0
2022,"Coreia, Republica Sul",77.0,257.0,0.0,0.0,3.3376623376623376,Outros,38.0,38.0
2022,Croácia,34.0,484.0,0.0,0.0,14.235294117647058,Outros,41.0,41.0
2022,Cuba,16.0,6.0,0.0,0.0,0.375,Outros,42.0,42.0
2022,Curaçao,40673.0,66950.0,0.0,0.0,1.6460551225628794,Outros,43.0,43.0
2022,Dinamarca,2.0,6.0,0.0,0.0,3.0,Outros,44.0,44.0
2022,Dominica,1485.0,2223.0,0.0,0.0,1.496969696969697,Outros,45.0,45.0
2022,Emirados Arabes Unidos,4781.0,85465.0,0.0,0.0,17.87596737084292,Outros,47.0,47.0
2022,Equador,135.0,210.0,0.0,0.0,1.5555555555555556,Outros,48.0,48.0
2022,Estados Unidos,220373.0,447893.0,0.0,0.0,2.0324313777096106,América do Norte,51.0,51.0
2022,Filipinas,375.0,790.0,0.0,0.0,2.1066666666666665,Outros,53.0,53.0
2022,França,5694.0,25008.0,0.0,0.0,4.3919915700737615,Europa,55.0,55.0
2022,Gana,35949.0,49304.0,0.0,0.0,1.371498511780578,Outros,56.0,56.0
2022,Granada,5610.0,7914.0,0.0,0.0,1.4106951871657754,Outros,58.0,58.0
2022,Grécia,920.0,2426.0,0.0,0.0,2.6369565217391306,Outros,59.0,59.0
2022,Guatemala,1283.0,5350.0,0.0,0.0,4.169914263445051,Outros,60.0,60.0
2022,Guiana,2064.0,5823.0,0.0,0.0,2.821220930232558,Outros,61.0,61.0
2022,Guiana Francesa,22.0,18.0,0.0,0.0,0.8181818181818182,Outros,62.0,62.0
2022,Haiti,553503.0,741014.0,0.0,0.0,1.3387714249064595,Outros,65.0,65.0
2022,Hong Kong,9371.0,38218.0,0.0,0.0,4.078326752747839,Outros,67.0,67.0
2022,Ilha de Man,165.0,641.0,0.0,0.0,3.8848484848484848,Outros,69.0,69.0
2022,India,247.0,1021.0,0.0,0.0,4.133603238866397,Outros,71.0,71.0
2022,Irã,47.0,90.0,0.0,0.0,1.9148936170212767,Outros,73.0,73.0
2022,Itália,1129.0,6151.0,0.0,0.0,5.448184233835253,Europa,76.0,76.0
2022,Japão,37324.0,82208.0,0.0,0.0,2.202550637659415,Outros,78.0,78.0
2022,Libéria,9145.0,34815.0,0.0,0.0,3.8069983597594312,Outros,82.0,82.0
2022,Luxemburgo,36.0,802.0,0.0,0.0,22.27777777777778,Outros,83.0,83.0
2022,Malta,3127.0,15587.0,0.0,0.0,4.984649824112568,Outros,87.0,87.0
2022,"Marshall, Ilhas",7240.0,27178.0,0.0,0.0,3.753867403314917,Outros,88.0,88.0
2022,México,6.0,33.0,0.0,0.0,5.5,Outros,91.0,91.0
2022,Moçambique,383.0,1927.0,0.0,0.0,5.031331592689295,Outros,92.0,92.0
2022,Nigéria,32234.0,50283.0,0.0,0.0,1.5599367127877397,Outros,96.0,96.0
2022,Noruega,2711.0,40316.0,0.0,0.0,14.871265215787533,Outros,97.0,97.0
2022,Nova Zelândia,63.0,156.0,0.0,0.0,2.4761904761904763,Outros,99.0,99.0
2022,Omã,194.0,670.0,0.0,0.0,3.4536082474226806,Outros,100.0,100.0
2022,Países Baixos,7034.0,37240.0,0.0,0.0,5.294284901905033,Outros,101.0,101.0
2022,Panamá,11490.0,49392.0,0.0,0.0,4.298694516971279,Outros,103.0,103.0
2022,Paraguai,5076670.0,7156293.0,0.0,0.0,1.4096431322106815,América Latina,104.0,104.0
2022,Portugal,1918.0,7613.0,0.0,0.0,3.9692387904066737,Outros,109.0,109.0
2022,Quênia,1440.0,2080.0,0.0,0.0,1.4444444444444444,Outros,110.0,110.0
2022,Reino Unido,18835.0,138154.0,0.0,0.0,7.334961507831165,Outros,111.0,111.0
2022,Rússia,66046.0,118618.0,0.0,0.0,1.7959906731671864,Outros,113.0,113.0
2022,São Vicente e Granadinas,20.0,51.0,0.0,0.0,2.55,Outros,116.0,116.0
2022,Serra Leoa,8101.0,15182.0,0.0,0.0,1.8740896185656093,Outros,118.0,118.0
2022,Singapura,4322.0,15434.0,0.0,0.0,3.5710319296621935,Outros,119.0,119.0
2022,Suécia,5.0,18.0,0.0,0.0,3.6,Outros,121.0,121.0
2022,Suíça,1584.0,20863.0,0.0,0.0,13.171085858585858,Outros,122.0,122.0
2022,Suriname,1225.0,3360.0,0.0,0.0,2.742857142857143,Outros,123.0,123.0
2022,Tailândia,432.0,1713.0,0.0,0.0,3.9652777777777777,Outros,124.0,124.0
2022,Taiwan (Formosa),25.0,277.0,0.0,0.0,11.08,Outros,125.0,125.0
2022,"Tcheca, República",1305.0,9997.0,0.0,0.0,7.660536398467433,Outros,127.0,127.0
2022,Togo,17317.0,25608.0,0.0,0.0,1.4787780793439973,Outros,128.0,128.0
2022,Turquia,418.0,503.0,0.0,0.0,1.2033492822966507,Outros,132.0,132.0
2022,Uruguai,637117.0,997367.0,0.0,0.0,1.565437745343477,Outros,134.0,134.0
2022,Venezuela,23220.0,32351.0,0.0,0.0,1.393238587424634,Outros,136.0,136.0
2022,Vietnã,130.0,277.0,0.0,0.0,2.1307692307692307,Outros,137.0,137.0
2022,Total,7025983.0,10945282.0,0.0,0.0,1.5578292745655662,Outros,138.0,138.0
2021,Afeganistão,11.0,46.0,0.0,0.0,4.181818181818182,Outros,139.0,139.0
2021,"Alemanha, República Democrática",2698.0,6741.0,-4932.0,-38626.0,2.498517420311342,Outros,141.0,141.0
2021,Antígua e Barbuda,805.0,2268.0,386.0,402.0,2.8173913043478263,Outros,144.0,144.0
2021,Argentina,6.0,13.0,-474.0,-3219.0,2.1666666666666665,América Latina,147.0,147.0
2021,Austrália,705.0,4034.0,-719.0,-8265.0,5.721985815602837,Outros,149.0,149.0
2021,Bahamas,1083.0,4567.0,-132.0,-1232.0,4.216989843028625,Outros,151.0,151.0
2021,Bangladesh,2.0,20.0,-5.0,-64.0,10.0,Outros,152.0,152.0
2021,Barbados,216.0,844.0,-4.0,-301.0,3.9074074074074074,Outros,153.0,153.0
2021,Barein,302.0,894.0,-677.0,-1895.0,2.9602649006622515,Outros,154.0,154.0
2021,Bélgica,483.0,3749.0,-345.0,-2396.0,7.761904761904762,Outros,155.0,155.0
2021,Bolívia,5850.0,8360.0,-26680.0,-40651.0,1.429059829059829,Outros,159.0,159.0
2021,Brazil,31.0,46.0,-2473.0,-906.0,1.4838709677419355,América Latina,161.0,161.0
2021,Cabo Verde,16.0,124.0,0.0,0.0,7.75,Outros,163.0,163.0
2021,Canadá,1172.0,6157.0,-11.0,373.0,5.253412969283277,América do Norte,165.0,165.0
2021,Catar,1.0,2.0,0.0,0.0,2.0,Outros,166.0,166.0
2021,"Cayman, Ilhas",104.0,356.0,-56.0,-602.0,3.423076923076923,Outros,167.0,167.0
2021,Chile,26.0,6.0,-2068.0,-7980.0,0.23076923076923078,América Latina,168.0,168.0
2021,China,61884.0,264116.0,-43511.0,-140531.0,4.267920625686769,Outros,169.0,169.0
2021,Chipre,1855.0,4530.0,334.0,72.0,2.442048517520216,Outros,170.0,170.0
2021,Colômbia,12160.0,21867.0,3943.0,7799.0,1.7982730263157896,Outros,173.0,173.0
2021,"Coreia, Republica Sul",67.0,100.0,-10.0,-157.0,1.492537313432836,Outros,176.0,176.0
2021,Curaçao,32263.0,58993.0,-8410.0,-7957.0,1.8285032390044322,Outros,181.0,181.0
2021,Dinamarca,87.0,504.0,85.0,498.0,5.793103448275862,Outros,182.0,182.0
2021,Dominica,460.0,634.0,-1025.0,-1589.0,1.3782608695652174,Outros,183.0,183.0
2021,Emirados Arabes Unidos,810.0,10522.0,-3971.0,-74943.0,12.990123456790123,Outros,185.0,185.0
2021,Estados Unidos,111085.0,203554.0,-109288.0,-244339.0,1.8324166179052077,América do Norte,189.0,189.0
2021,Filipinas,2784.0,10368.0,2409.0,9578.0,3.7241379310344827,Outros,191.0,191.0
2021,França,7052.0,23742.0,1358.0,-1266.0,3.3667044809982984,Europa,193.0,193.0
2021,Gana,12578.0,19196.0,-23371.0,-30108.0,1.5261567816823025,Outros,194.0,194.0
2021,Grécia,908.0,3014.0,-12.0,588.0,3.3193832599118944,Outros,197.0,197.0
2021,Guatemala,17347.0,29100.0,16064.0,23750.0,1.6775234910935608,Outros,198.0,198.0
2021,Guiana,2372.0,6525.0,308.0,702.0,2.7508431703204046,Outros,199.0,199.0
2021,Guiana Francesa,90.0,32.0,68.0,14.0,0.35555555555555557,Outros,200.0,200.0
2021,Haiti,670379.0,831181.0,116876.0,90167.0,1.2398672989458202,Outros,203.0,203.0
2021,Hong Kong,12507.0,39390.0,3136.0,1172.0,3.1494363156632286,Outros,205.0,205.0
2021,Hungria,87.0,583.0,0.0,0.0,6.7011494252873565,Outros,206.0,206.0
2021,Ilha de Man,97.0,445.0,-68.0,-196.0,4.587628865979381,Outros,207.0,207.0
2021,India,13.0,86.0,-234.0,-935.0,6.615384615384615,Outros,209.0,209.0
2021,Irã,116.0,287.0,69.0,197.0,2.4741379310344827,Outros,211.0,211.0
2021,Irlanda,36.0,208.0,0.0,0.0,5.777777777777778,Outros,213.0,213.0
2021,Itália,696.0,3715.0,-433.0,-2436.0,5.337643678160919,Europa,214.0,214.0
2021,Japão,39491.0,90275.0,2167.0,8067.0,2.285963890506698,Outros,216.0,216.0
2021,Libéria,7554.0,23060.0,-1591.0,-11755.0,3.0526873179772305,Outros,220.0,220.0
2021,Malta,3441.0,15454.0,314.0,-133.0,4.491136297587911,Outros,225.0,225.0
2021,"Marshall, Ilhas",8644.0,22561.0,1404.0,-4617.0,2.610018509949098,Outros,226.0,226.0
2021,Mauritânia,9.0,85.0,0.0,0.0,9.444444444444445,Outros,228.0,228.0
2021,México,9.0,2.0,3.0,-31.0,0.2222222222222222,Outros,229.0,229.0
2021,Montenegro,14.0,65.0,0.0,0.0,4.642857142857143,Outros,231.0,231.0
2021,Nigéria,68247.0,113172.0,36013.0,62889.0,1.6582706932172844,Outros,234.0,234.0
2021,Noruega,1878.0,8320.0,-833.0,-31996.0,4.43024494142705,Outros,235.0,235.0
2021,Nova Caledônia,7227.0,11924.0,0.0,0.0,1.6499238964992389,Outros,236.0,236.0
2021,Nova Zelândia,657.0,10477.0,594.0,10321.0,15.946727549467276,Outros,237.0,237.0
2021,Países Baixos,3791.0,8484.0,-3243.0,-28756.0,2.23793194407808,Outros,239.0,239.0
2021,Panamá,29520.0,48444.0,18030.0,-948.0,1.6410569105691057,Outros,241.0,241.0
2021,Paraguai,6522527.0,7192362.0,1445857.0,36069.0,1.1026956270169521,América Latina,242.0,242.0
2021,Peru,9720.0,17107.0,0.0,0.0,1.7599794238683129,Outros,243.0,243.0
2021,Polônia,4.0,14.0,0.0,0.0,3.5,Outros,245.0,245.0
2021,Portugal,6358.0,42633.0,4440.0,35020.0,6.705410506448569,Outros,247.0,247.0
2021,Reino Unido,25316.0,122394.0,6481.0,-15760.0,4.834650023700426,Outros,249.0,249.0
2021,Rússia,181931.0,312926.0,115885.0,194308.0,1.7200257240382342,Outros,251.0,251.0
2021,São Vicente e Granadinas,8.0,48.0,-12.0,-3.0,6.0,Outros,254.0,254.0
2021,Serra Leoa,6525.0,12955.0,-1576.0,-2227.0,1.9854406130268198,Outros,256.0,256.0
2021,Singapura,4504.0,14346.0,182.0,-1088.0,3.185168738898757,Outros,257.0,257.0
2021,Suazilândia,10.0,24.0,0.0,0.0,2.4,Outros,258.0,258.0
2021,Suécia,23.0,74.0,18.0,56.0,3.217391304347826,Outros,259.0,259.0
2021,Suíça,627.0,6999.0,-957.0,-13864.0,11.16267942583732,Outros,260.0,260.0
2021,Suriname,900.0,1472.0,-325.0,-1888.0,1.6355555555555557,Outros,261.0,261.0
2021,Tailândia,1334.0,2529.0,902.0,816.0,1.8958020989505247,Outros,262.0,262.0
2021,Taiwan (Formosa),1313.0,8153.0,1288.0,7876.0,6.20944402132521,Outros,263.0,263.0
2021,"Tcheca, República",456.0,5988.0,-849.0,-4009.0,13.131578947368421,Outros,265.0,265.0
2021,Togo,1890.0,2012.0,-15427.0,-23596.0,1.0645502645502645,Outros,266.0,266.0
2021,Turquia,343.0,878.0,-75.0,375.0,2.5597667638483963,Outros,270.0,270.0
2021,Uruguai,136774.0,149842.0,-500343.0,-847525.0,1.095544474827087,Outros,272.0,272.0
2021,Venezuela,26415.0,35944.0,3195.0,3593.0,1.3607420026500094,Outros,274.0,274.0
2021,Total,8058704.0,9851942.0,1032721.0,-1093340.0,1.2225218844121835,Outros,276.0,276.0
2020,África do Sul,4.0,21.0,0.0,0.0,5.25,Outros,278.0,278.0
2020,"Alemanha, República Democrática",6261.0,32605.0,3563.0,25864.0,5.207634563168823,Outros,279.0,279.0
2020,Antígua e Barbuda,624.0,1864.0,-181.0,-404.0,2.9871794871794872,Outros,282.0,282.0
2020,Argentina,1015.0,4176.0,1009.0,4163.0,4.114285714285714,América Latina,285.0,285.0
2020,Austrália,1013.0,3413.0,308.0,-621.0,3.3692003948667324,Outros,287.0,287.0
2020,Bahamas,1212.0,3703.0,129.0,-864.0,3.0552805280528053,Outros,289.0,289.0
2020,Bangladesh,3.0,29.0,1.0,9.0,9.666666666666666,Outros,290.0,290.0
2020,Barbados,143.0,169.0,-73.0,-675.0,1.1818181818181819,Outros,291.0,291.0
2020,Barein,8.0,28.0,-294.0,-866.0,3.5,Outros,292.0,292.0
2020,Bélgica,3166.0,20460.0,2683.0,16711.0,6.462413139608339,Outros,293.0,293.0
2020,Bolívia,9900.0,16025.0,4050.0,7665.0,1.6186868686868687,Outros,297.0,297.0
2020,Bósnia-Herzegovina,45.0,52.0,0.0,0.0,1.1555555555555554,Outros,298.0,298.0
2020,Camarões,0.0,178.0,0.0,0.0,inf,Outros,302.0,302.0
2020,Canadá,1672.0,8431.0,500.0,2274.0,5.042464114832536,América do Norte,303.0,303.0
2020,"Cayman, Ilhas",123.0,339.0,19.0,-17.0,2.7560975609756095,Outros,305.0,305.0
2020,Chile,11.0,13.0,-15.0,7.0,1.1818181818181819,América Latina,306.0,306.0
2020,China,122253.0,363000.0,60369.0,98884.0,2.969252288287404,Outros,307.0,307.0
2020,Chipre,2478.0,6785.0,623.0,2255.0,2.738095238095238,Outros,308.0,308.0
2020,Cingapura,4049.0,9316.0,0.0,0.0,2.3008150160533467,Outros,309.0,309.0
2020,Colômbia,15660.0,23780.0,3500.0,1913.0,1.5185185185185186,Outros,311.0,311.0
2020,Comores,9.0,25.0,0.0,0.0,2.7777777777777777,Outros,312.0,312.0
2020,"Coreia, Republica Sul",103.0,433.0,36.0,333.0,4.203883495145631,Outros,314.0,314.0
2020,Croácia,21.0,123.0,-13.0,-361.0,5.857142857142857,Outros,317.0,317.0
2020,Curaçao,47962.0,65986.0,15699.0,6993.0,1.375797506359201,Outros,319.0,319.0
2020,Dinamarca,659.0,1962.0,572.0,1458.0,2.9772382397572077,Outros,320.0,320.0
2020,Emirados Arabes Unidos,581.0,2279.0,-229.0,-8243.0,3.9225473321858866,Outros,323.0,323.0
2020,Equador,3780.0,3824.0,3645.0,3614.0,1.0116402116402117,Outros,324.0,324.0
2020,Espanha,28.0,126.0,0.0,0.0,4.5,Outros,326.0,326.0
2020,Estados Unidos,300178.0,610793.0,189093.0,407239.0,2.034769370173697,América do Norte,327.0,327.0
2020,Filipinas,719.0,1548.0,-2065.0,-8820.0,2.152990264255911,Outros,329.0,329.0
2020,França,12622.0,57144.0,5570.0,33402.0,4.527333227697671,Europa,331.0,331.0
2020,Gana,18810.0,22027.0,6232.0,2831.0,1.1710260499734184,Outros,332.0,332.0
2020,Gibraltar,769.0,2860.0,0.0,0.0,3.719115734720416,Outros,333.0,333.0
2020,Grécia,6859.0,18092.0,5951.0,15078.0,2.6377022889634056,Outros,335.0,335.0
2020,Guiana,990.0,2577.0,-1382.0,-3948.0,2.603030303030303,Outros,337.0,337.0
2020,Haiti,399128.0,471152.0,-271251.0,-360029.0,1.180453388386683,Outros,341.0,341.0
2020,Hong Kong,15159.0,41987.0,2652.0,2597.0,2.7697737317765023,Outros,343.0,343.0
2020,Ilha de Man,11.0,121.0,-86.0,-324.0,11.0,Outros,345.0,345.0
2020,India,7.0,10.0,-6.0,-76.0,1.4285714285714286,Outros,347.0,347.0
2020,Indonésia,5.0,6.0,0.0,0.0,1.2,Outros,348.0,348.0
2020,Irã,21.0,35.0,-95.0,-252.0,1.6666666666666667,Outros,349.0,349.0
2020,Irlanda,29.0,257.0,-7.0,49.0,8.862068965517242,Outros,351.0,351.0
2020,Itália,91.0,376.0,-605.0,-3339.0,4.131868131868132,Europa,352.0,352.0
2020,Japão,36442.0,92674.0,-3049.0,2399.0,2.5430547170846824,Outros,354.0,354.0
2020,Jordânia,12.0,52.0,0.0,0.0,4.333333333333333,Outros,355.0,355.0
2020,Libéria,5155.0,17624.0,-2399.0,-5436.0,3.4188166828322015,Outros,358.0,358.0
2020,Luxemburgo,1086.0,5110.0,1050.0,4308.0,4.705340699815838,Outros,359.0,359.0
2020,Malta,3490.0,9688.0,49.0,-5766.0,2.7759312320916907,Outros,363.0,363.0
2020,"Marshall, Ilhas",6270.0,19639.0,-2374.0,-2922.0,3.1322169059011165,Outros,364.0,364.0
2020,México,24.0,226.0,15.0,224.0,9.416666666666666,Outros,367.0,367.0
2020,Montenegro,9.0,20.0,-5.0,-45.0,2.2222222222222223,Outros,369.0,369.0
2020,Nigéria,12094.0,26514.0,-56153.0,-86658.0,2.192326773606747,Outros,372.0,372.0
2020,Noruega,1859.0,15134.0,-19.0,6814.0,8.140935987089833,Outros,373.0,373.0
2020,Nova Zelândia,95.0,515.0,-562.0,-9962.0,5.421052631578948,Outros,375.0,375.0
2020,Países Baixos,248.0,1532.0,-3543.0,-6952.0,6.17741935483871,Outros,377.0,377.0
2020,Panamá,10821.0,28372.0,-18699.0,-20072.0,2.621938822659643,Outros,379.0,379.0
2020,Paraguai,3299013.0,3869243.0,-3223514.0,-3323119.0,1.1728486671619662,América Latina,380.0,380.0
2020,Polônia,74.0,86.0,70.0,72.0,1.162162162162162,Outros,383.0,383.0
2020,Portugal,7958.0,34518.0,1600.0,-8115.0,4.337521990449861,Outros,385.0,385.0
2020,Reino Unido,22913.0,82722.0,-2403.0,-39672.0,3.610264915113691,Outros,387.0,387.0
2020,Rússia,1463.0,8550.0,-180468.0,-304376.0,5.8441558441558445,Outros,389.0,389.0
2020,Serra Leoa,9240.0,13050.0,2715.0,95.0,1.4123376623376624,Outros,394.0,394.0
2020,Suécia,6.0,24.0,-17.0,-50.0,4.0,Outros,397.0,397.0
2020,Suíça,2827.0,27930.0,2200.0,20931.0,9.879731163777857,Outros,398.0,398.0
2020,Suriname,4185.0,5277.0,3285.0,3805.0,1.260931899641577,Outros,399.0,399.0
2020,Tailândia,534.0,1753.0,-800.0,-776.0,3.2827715355805243,Outros,400.0,400.0
2020,Taiwan (Formosa),963.0,4673.0,-350.0,-3480.0,4.852544132917965,Outros,401.0,401.0
2020,"Tcheca, República",563.0,4805.0,107.0,-1183.0,8.534635879218472,Outros,403.0,403.0
2020,Tuvalu,2.0,4.0,0.0,0.0,2.0,Outros,409.0,409.0
2020,Vanuatu,18.0,31.0,0.0,0.0,1.7222222222222223,Outros,411.0,411.0
2020,Venezuela,4086.0,9808.0,-22329.0,-26136.0,2.400391581008321,Outros,412.0,412.0
2020,Vietnã,86.0,584.0,-44.0,307.0,6.790697674418604,Outros,413.0,413.0
2020,Total,4409717.0,6078288.0,-3648987.0,-3773654.0,1.3783850528276531,Outros,414.0,414.0
2019,África do Sul,26.0,95.0,22.0,74.0,3.6538461538461537,Outros,416.0,416.0
2019,"Alemanha, República Democrática",3660.0,25467.0,-2601.0,-7138.0,6.9581967213114755,Outros,417.0,417.0
2019,Angola,345.0,1065.0,-3723.0,-3696.0,3.0869565217391304,Outros,418.0,418.0
2019,Antígua e Barbuda,219.0,1549.0,-405.0,-315.0,7.073059360730594,Outros,420.0,420.0
2019,Austrália,1161.0,4682.0,148.0,1269.0,4.032730404823428,Outros,425.0,425.0
2019,Bahamas,791.0,3124.0,-421.0,-579.0,3.9494310998735775,Outros,427.0,427.0
2019,Barbados,36.0,394.0,-107.0,225.0,10.944444444444445,Outros,429.0,429.0
2019,Barein,482.0,2144.0,474.0,2116.0,4.448132780082988,Outros,430.0,430.0
2019,Bélgica,2498.0,12548.0,-668.0,-7912.0,5.023218574859888,Outros,431.0,431.0
2019,Belice,9.0,29.0,0.0,0.0,3.2222222222222223,Outros,432.0,432.0
2019,Benin,9.0,9.0,0.0,0.0,1.0,Outros,433.0,433.0
2019,Canadá,1589.0,6933.0,-83.0,-1498.0,4.3631214600377595,América do Norte,441.0,441.0
2019,"Cayman, Ilhas",19.0,106.0,-104.0,-233.0,5.578947368421052,Outros,443.0,443.0
2019,China,129852.0,376828.0,7599.0,13828.0,2.9019807165080245,Outros,445.0,445.0
2019,Chipre,672.0,1843.0,-1806.0,-4942.0,2.7425595238095237,Outros,446.0,446.0
2019,Cingapura,5044.0,19099.0,995.0,9783.0,3.786478984932593,Outros,447.0,447.0
2019,Colômbia,897.0,1999.0,-14763.0,-21781.0,2.2285395763656632,Outros,449.0,449.0
2019,"Coreia, Republica Sul",70.0,194.0,-33.0,-239.0,2.7714285714285714,Outros,452.0,452.0
2019,Curaçao,33951.0,62067.0,-14011.0,-3919.0,1.8281346646637802,Outros,457.0,457.0
2019,Dinamarca,240.0,306.0,-419.0,-1656.0,1.275,Outros,458.0,458.0
2019,Emirados Arabes Unidos,450.0,2202.0,-131.0,-77.0,4.8933333333333335,Outros,461.0,461.0
2019,Equador,2.0,3.0,-3778.0,-3821.0,1.5,Outros,462.0,462.0
2019,Espanha,3540.0,1353.0,3512.0,1227.0,0.3822033898305085,Outros,464.0,464.0
2019,Estados Unidos,209765.0,616274.0,-90413.0,5481.0,2.9379257740805187,América do Norte,465.0,465.0
2019,Filipinas,736.0,2486.0,17.0,938.0,3.3777173913043477,Outros,467.0,467.0
2019,França,18286.0,67072.0,5664.0,9928.0,3.667942688395494,Europa,469.0,469.0
2019,Gana,7673.0,10010.0,-11137.0,-12017.0,1.3045744819496938,Outros,470.0,470.0
2019,Gibraltar,23.0,93.0,-746.0,-2767.0,4.043478260869565,Outros,471.0,471.0
2019,Grécia,561.0,1994.0,-6298.0,-16098.0,3.554367201426025,Outros,473.0,473.0
2019,Guatemala,1597.0,8719.0,-15750.0,-20381.0,5.459611772072636,Outros,474.0,474.0
2019,Guiana,424.0,1311.0,-566.0,-1266.0,3.0919811320754715,Outros,475.0,475.0
2019,Haiti,81873.0,129803.0,-317255.0,-341349.0,1.5854188804612022,Outros,479.0,479.0
2019,Hong Kong,9651.0,42020.0,-5508.0,33.0,4.353952958242669,Outros,481.0,481.0
2019,Ilha de Man,28.0,175.0,17.0,54.0,6.25,Outros,483.0,483.0
2019,India,51.0,273.0,44.0,263.0,5.352941176470588,Outros,485.0,485.0
2019,Itália,587.0,1625.0,496.0,1249.0,2.7683134582623508,Europa,490.0,490.0
2019,Japão,40621.0,99642.0,4179.0,6968.0,2.45296767681741,Outros,492.0,492.0
2019,Libéria,4441.0,20068.0,-714.0,2444.0,4.518802071605494,Outros,496.0,496.0
2019,Luxemburgo,1666.0,11211.0,580.0,6101.0,6.729291716686674,Outros,497.0,497.0
2019,Malásia,48.0,110.0,0.0,0.0,2.2916666666666665,Outros,499.0,499.0
2019,Malta,3661.0,8828.0,171.0,-860.0,2.4113630155695165,Outros,501.0,501.0
2019,"Marshall, Ilhas",7276.0,15786.0,1006.0,-3853.0,2.1695986805937326,Outros,502.0,502.0
2019,México,4.0,4.0,-20.0,-222.0,1.0,Outros,505.0,505.0
2019,Montenegro,9.0,46.0,0.0,26.0,5.111111111111111,Outros,507.0,507.0
2019,Nigéria,28437.0,38555.0,16343.0,12041.0,1.355804058093329,Outros,510.0,510.0
2019,Noruega,628.0,3139.0,-1231.0,-11995.0,4.998407643312102,Outros,511.0,511.0
2019,Nova Zelândia,500.0,2832.0,405.0,2317.0,5.664,Outros,513.0,513.0
2019,Países Baixos,44882.0,148031.0,44634.0,146499.0,3.2982264604964127,Outros,515.0,515.0
2019,Panamá,7918.0,29017.0,-2903.0,645.0,3.6646880525385197,Outros,517.0,517.0
2019,Paraguai,2419537.0,3826587.0,-879476.0,-42656.0,1.5815368808164538,América Latina,518.0,518.0
2019,Peru,9755.0,17310.0,35.0,203.0,1.7744746283956945,Outros,519.0,519.0
2019,Polônia,5.0,11.0,-69.0,-75.0,2.2,Outros,521.0,521.0
2019,Portugal,18328.0,72413.0,10370.0,37895.0,3.9509493670886076,Outros,523.0,523.0
2019,Reino Unido,34295.0,164592.0,11382.0,81870.0,4.799300189532001,Outros,525.0,525.0
2019,Serra Leoa,18.0,717.0,-9222.0,-12333.0,39.833333333333336,Outros,532.0,532.0
2019,Suécia,28.0,761.0,22.0,737.0,27.178571428571427,Outros,535.0,535.0
2019,Suíça,2223.0,28503.0,-604.0,573.0,12.821862348178138,Outros,536.0,536.0
2019,Suriname,3206.0,4741.0,-979.0,-536.0,1.4787897691827823,Outros,537.0,537.0
2019,Tailândia,128.0,832.0,-406.0,-921.0,6.5,Outros,538.0,538.0
2019,Taiwan (Formosa),12.0,67.0,-951.0,-4606.0,5.583333333333333,Outros,539.0,539.0
2019,"Tcheca, República",2115.0,16391.0,1552.0,11586.0,7.749881796690308,Outros,541.0,541.0
2019,Turquia,115.0,209.0,-228.0,-669.0,1.817391304347826,Outros,546.0,546.0
2019,Uruguai,6180.0,18497.0,-130594.0,-131345.0,2.993042071197411,Outros,548.0,548.0
2019,Vietnã,20.0,32.0,-66.0,-552.0,1.6,Outros,551.0,551.0
2019,Total,3152873.0,5934826.0,-1256844.0,-143462.0,1.882354918831174,Outros,552.0,552.0
2018,"Alemanha, República Democrática",10794.0,45382.0,7134.0,19915.0,4.204372799703539,Outros,555.0,555.0
2018,Angola,477.0,709.0,132.0,-356.0,1.4863731656184487,Outros,556.0,556.0
2018,Antígua e Barbuda,37.0,191.0,-182.0,-1358.0,5.162162162162162,Outros,558.0,558.0
2018,Argentina,15711.0,59150.0,14696.0,54974.0,3.764878110877729,América Latina,561.0,561.0
2018,Austrália,2055.0,6902.0,894.0,2220.0,3.3586374695863745,Outros,563.0,563.0
2018,Bahamas,141.0,634.0,-650.0,-2490.0,4.49645390070922,Outros,0.0,0.0
2018,Bélgica,7497.0,52799.0,4999.0,40251.0,7.042683740162731,Outros,0.0,0.0
2018,Bolívia,21566.0,57424.0,11666.0,41399.0,2.66270982101456,Outros,0.0,0.0
2018,Cabo Verde,18.0,48.0,2.0,-76.0,2.6666666666666665,Outros,0.0,0.0
2018,Canadá,5308.0,20414.0,3719.0,13481.0,3.8458929917106253,América do Norte,0.0,0.0
2018,"Cayman, Ilhas",19.0,203.0,0.0,97.0,10.68421052631579,Outros,0.0,0.0
2018,Chile,11049.0,42832.0,11038.0,42819.0,3.8765499140193684,América Latina,0.0,0.0
2018,China,30835.0,126336.0,-99017.0,-250492.0,4.097162315550511,Outros,0.0,0.0
2018,Chipre,279.0,480.0,-393.0,-1363.0,1.7204301075268817,Outros,0.0,0.0
2018,Cingapura,3298.0,11616.0,-1746.0,-7483.0,3.522134627046695,Outros,0.0,0.0
2018,Colômbia,6944.0,26273.0,6047.0,24274.0,3.7835541474654377,Outros,0.0,0.0
2018,"Coreia, Republica Sul",120.0,109.0,50.0,-85.0,0.9083333333333333,Outros,0.0,0.0
2018,Cuba,4776.0,5584.0,4760.0,5578.0,1.169179229480737,Outros,0.0,0.0
2018,Curaçao,23930.0,43676.0,-10021.0,-18391.0,1.825156707062265,Outros,0.0,0.0
2018,Emirados Arabes Unidos,360.0,1762.0,-90.0,-440.0,4.894444444444445,Outros,0.0,0.0
2018,Espanha,6123.0,22631.0,2583.0,21278.0,3.6960640209047853,Outros,0.0,0.0
2018,Estados Unidos,169109.0,512519.0,-40656.0,-103755.0,3.0307020915504204,América do Norte,0.0,0.0
2018,Filipinas,9608.0,16205.0,8872.0,13719.0,1.686615320566195,Outros,0.0,0.0
2018,França,11077.0,48677.0,-7209.0,-18395.0,4.394420872077277,Europa,0.0,0.0
2018,Gana,9000.0,13502.0,1327.0,3492.0,1.5002222222222221,Outros,0.0,0.0
2018,Grécia,232.0,730.0,-329.0,-1264.0,3.146551724137931,Outros,0.0,0.0
2018,Guine Equatorial,8389.0,26808.0,0.0,0.0,3.1956133031350578,Outros,0.0,0.0
2018,Haiti,79500.0,144425.0,-2373.0,14622.0,1.8166666666666667,Outros,0.0,0.0
2018,Hong Kong,1742.0,9029.0,-7909.0,-32991.0,5.183122847301952,Outros,0.0,0.0
2018,Irlanda,7560.0,25767.0,7531.0,25510.0,3.408333333333333,Outros,0.0,0.0
2018,Itália,3661.0,13260.0,3074.0,11635.0,3.6219612127833924,Europa,0.0,0.0
2018,Japão,36992.0,112342.0,-3629.0,12700.0,3.036926903114187,Outros,0.0,0.0
2018,Libéria,658.0,3100.0,-3783.0,-16968.0,4.711246200607903,Outros,0.0,0.0
2018,Luxemburgo,1778.0,11053.0,112.0,-158.0,6.216535433070866,Outros,0.0,0.0
2018,Malásia,15.0,33.0,-33.0,-77.0,2.2,Outros,0.0,0.0
2018,Malta,503.0,1192.0,-3158.0,-7636.0,2.3697813121272366,Outros,0.0,0.0
2018,"Marshall, Ilhas",923.0,2436.0,-6353.0,-13350.0,2.639219934994583,Outros,0.0,0.0
2018,México,2748.0,9744.0,2744.0,9740.0,3.5458515283842793,Outros,0.0,0.0
2018,Nigéria,5175.0,6250.0,-23262.0,-32305.0,1.2077294685990339,Outros,0.0,0.0
2018,Noruega,1295.0,9847.0,667.0,6708.0,7.603861003861004,Outros,0.0,0.0
2018,Nova Zelândia,969.0,5565.0,469.0,2733.0,5.743034055727554,Outros,0.0,0.0
2018,Países Baixos,9451.0,32395.0,-35431.0,-115636.0,3.4276796106232146,Outros,0.0,0.0
2018,Panamá,1183.0,3117.0,-6735.0,-25900.0,2.6348267117497888,Outros,0.0,0.0
2018,Paraguai,3234168.0,5494321.0,814631.0,1667734.0,1.6988359912039201,América Latina,0.0,0.0
2018,Peru,5193.0,19372.0,-4562.0,2062.0,3.7304063161948777,Outros,0.0,0.0
2018,Polônia,720.0,4679.0,715.0,4668.0,6.498611111111111,Outros,0.0,0.0
2018,Quênia,6771.0,31225.0,5331.0,29145.0,4.611578791906661,Outros,0.0,0.0
2018,Reino Unido,67708.0,296827.0,33413.0,132235.0,4.383928043953447,Outros,0.0,0.0
2018,São Tomé e Príncipe,2184.0,2357.0,0.0,0.0,1.0792124542124542,Outros,0.0,0.0
2018,Suécia,8062.0,34563.0,8034.0,33802.0,4.28714959067229,Outros,0.0,0.0
2018,Tailândia,8.0,45.0,-120.0,-787.0,5.625,Outros,0.0,0.0
2018,Taiwan (Formosa),7589.0,18421.0,7577.0,18354.0,2.427329028857557,Outros,0.0,0.0
2018,"Tcheca, República",2712.0,20980.0,597.0,4589.0,7.73598820058997,Outros,0.0,0.0
2018,Turquia,360.0,150.0,245.0,-59.0,0.4166666666666667,Outros,0.0,0.0
2018,Uruguai,7711.0,29617.0,1531.0,11120.0,3.840876669692647,Outros,0.0,0.0
2018,Venezuela,71.0,355.0,-4015.0,-9453.0,5.0,Outros,0.0,0.0
2018,Total,3856162.0,7486063.0,703289.0,1551237.0,1.9413248198597466,Outros,0.0,0.0
2017,"Alemanha, República Democrática",15467.0,87702.0,4673.0,42320.0,5.670265727031745,Outros,0.0,0.0
2017,Angola,10170.0,61680.0,9693.0,60971.0,6.064896755162242,Outros,0.0,0.0
2017,Antilhas Holandesas,5400.0,8550.0,0.0,0.0,1.5833333333333333,Outros,0.0,0.0
2017,Austrália,1350.0,7500.0,-705.0,598.0,5.555555555555555,Outros,0.0,0.0
2017,Bélgica,2790.0,16405.0,-4707.0,-36394.0,5.879928315412187,Outros,0.0,0.0
2017,Bolívia,9495.0,23085.0,-12071.0,-34339.0,2.4312796208530805,Outros,0.0,0.0
2017,Bulgária,117.0,1579.0,112.0,1548.0,13.495726495726496,Outros,0.0,0.0
2017,Camarões,1749.0,7476.0,1749.0,7298.0,4.274442538593482,Outros,0.0,0.0
2017,Canadá,6075.0,30658.0,767.0,10244.0,5.046584362139917,América do Norte,0.0,0.0
2017,Catar,13338.0,81606.0,13337.0,81604.0,6.118308591992802,Outros,0.0,0.0
2017,China,67594.0,266086.0,36759.0,139750.0,3.9365328283575467,Outros,0.0,0.0
2017,Cuba,62791.0,72229.0,58015.0,66645.0,1.1503081651829083,Outros,0.0,0.0
2017,Curaçao,12340.0,23011.0,-11590.0,-20665.0,1.8647487844408428,Outros,0.0,0.0
2017,Dinamarca,581.0,2829.0,341.0,2523.0,4.869191049913941,Outros,0.0,0.0
2017,Emirados Arabes Unidos,675.0,3302.0,315.0,1540.0,4.891851851851852,Outros,0.0,0.0
2017,Estados Unidos,132688.0,1523699.0,-36421.0,1011180.0,11.48332177740263,América do Norte,0.0,0.0
2017,França,4253.0,21654.0,-6824.0,-27023.0,5.091464848342347,Europa,0.0,0.0
2017,Guine Bissau,48.0,90.0,0.0,0.0,1.875,Outros,0.0,0.0
2017,Guine Equatorial,2639.0,30563.0,-5750.0,3755.0,11.58128078817734,Outros,0.0,0.0
2017,Hong Kong,1934.0,8180.0,192.0,-849.0,4.22957600827301,Outros,0.0,0.0
2017,Itália,468.0,2248.0,-3193.0,-11012.0,4.803418803418803,Europa,0.0,0.0
2017,Japão,33909.0,92886.0,-3083.0,-19456.0,2.739272759444395,Outros,0.0,0.0
2017,Letônia,387.0,3723.0,0.0,0.0,9.62015503875969,Outros,0.0,0.0
2017,Luxemburgo,2719.0,21947.0,941.0,10894.0,8.071717543214417,Outros,0.0,0.0
2017,México,664.0,2292.0,-2084.0,-7452.0,3.4518072289156625,Outros,0.0,0.0
2017,Nova Zelândia,1678.0,8140.0,709.0,2575.0,4.851013110846245,Outros,0.0,0.0
2017,Paraguai,2393468.0,4274650.0,-840700.0,-1219671.0,1.7859649679878737,América Latina,0.0,0.0
2017,Reino Unido,60711.0,242883.0,-6997.0,-53944.0,4.000642387705688,Outros,0.0,0.0
2017,Suécia,15445.0,64953.0,7383.0,30390.0,4.205438653285853,Outros,0.0,0.0
2017,Suíça,6525.0,74816.0,4302.0,46313.0,11.466053639846743,Outros,0.0,0.0
2017,Suriname,3690.0,5638.0,484.0,897.0,1.5279132791327914,Outros,0.0,0.0
2017,Taiwan (Formosa),14988.0,43954.0,7399.0,25533.0,2.9326127568721643,Outros,0.0,0.0
2017,"Tcheca, República",2746.0,16947.0,34.0,-4033.0,6.171522214129643,Outros,0.0,0.0
2017,Venezuela,680.0,2646.0,609.0,2291.0,3.8911764705882352,Outros,0.0,0.0
2017,Total,2889572.0,7135607.0,-966590.0,-350456.0,2.4694338815575456,Outros,0.0,0.0
2016,"Alemanha, República Democrática",14012.0,68109.0,-1455.0,-19593.0,4.860762203825293,Outros,0.0,0.0
2016,Angola,7359.0,35390.0,-2811.0,-26290.0,4.8090773202880825,Outros,0.0,0.0
2016,Antilhas Holandesas,16641.0,26450.0,11241.0,17900.0,1.5894477495342827,Outros,0.0,0.0
2016,Austrália,1954.0,13799.0,604.0,6299.0,7.061924257932446,Outros,0.0,0.0
2016,Áustria,675.0,5220.0,669.0,5008.0,7.733333333333333,Outros,0.0,0.0
2016,Bélgica,7200.0,46534.0,4410.0,30129.0,6.463055555555556,Outros,0.0,0.0
2016,Benin,5040.0,20333.0,5031.0,20324.0,4.0343253968253965,Outros,0.0,0.0
2016,Bolívia,13586.0,16902.0,4091.0,-6183.0,1.2440747828647136,Outros,0.0,0.0
2016,Canadá,13711.0,71096.0,7636.0,40438.0,5.185325650937203,América do Norte,0.0,0.0
2016,China,134106.0,499622.0,66512.0,233536.0,3.725575291187568,Outros,0.0,0.0
2016,Cingapura,5445.0,13199.0,2147.0,1583.0,2.424058769513315,Outros,0.0,0.0
2016,"Coreia, Republica Sul",8.0,20.0,-112.0,-89.0,2.5,Outros,0.0,0.0
2016,Cuba,63741.0,69830.0,950.0,-2399.0,1.095527211684787,Outros,0.0,0.0
2016,Dinamarca,1278.0,8171.0,697.0,5342.0,6.39358372456964,Outros,0.0,0.0
2016,Emirados Arabes Unidos,585.0,2760.0,-90.0,-542.0,4.717948717948718,Outros,0.0,0.0
2016,Estados Unidos,258072.0,687411.0,125384.0,-836288.0,2.6636403794289967,América do Norte,0.0,0.0
2016,Estônia,900.0,4800.0,0.0,0.0,5.333333333333333,Outros,0.0,0.0
2016,Finlândia,7617.0,41003.0,0.0,0.0,5.383090455559932,Outros,0.0,0.0
2016,França,6037.0,30055.0,1784.0,8401.0,4.978466125559052,Europa,0.0,0.0
2016,Hong Kong,6975.0,86199.0,5041.0,78019.0,12.358279569892472,Outros,0.0,0.0
2016,Itália,585.0,3465.0,117.0,1217.0,5.923076923076923,Europa,0.0,0.0
2016,Japão,34341.0,90954.0,432.0,-1932.0,2.648554206342273,Outros,0.0,0.0
2016,Luxemburgo,2759.0,21426.0,40.0,-521.0,7.765857194635737,Outros,0.0,0.0
2016,Nova Zelândia,504.0,9472.0,-1174.0,1332.0,18.793650793650794,Outros,0.0,0.0
2016,Países Baixos,42953.0,190203.0,33502.0,157808.0,4.428165669452658,Outros,0.0,0.0
2016,Paraguai,985739.0,1655417.0,-1407729.0,-2619233.0,1.6793664448702952,América Latina,0.0,0.0
2016,Polônia,11457.0,35402.0,10737.0,30723.0,3.0899886532251024,Outros,0.0,0.0
2016,Reino Unido,117044.0,536681.0,56333.0,293798.0,4.585292710433683,Outros,0.0,0.0
2016,Suécia,291.0,1214.0,-15154.0,-63739.0,4.171821305841925,Outros,0.0,0.0
2016,Suíça,4230.0,33340.0,-2295.0,-41476.0,7.881796690307328,Outros,0.0,0.0
2016,Suriname,900.0,1375.0,-2790.0,-4263.0,1.5277777777777777,Outros,0.0,0.0
2016,Taiwan (Formosa),16967.0,80379.0,1979.0,36425.0,4.7373725467083165,Outros,0.0,0.0
2016,"Tcheca, República",3837.0,28473.0,1091.0,11526.0,7.420641125879594,Outros,0.0,0.0
2016,Total,1786549.0,4434704.0,-1103023.0,-2700903.0,2.4822739258760884,Outros,0.0,0.0
2015,"Alemanha, República Democrática",10680.0,44780.0,-3332.0,-23329.0,4.192883895131086,Outros,0.0,0.0
2015,Angola,1908.0,17089.0,-5451.0,-18301.0,8.95649895178197,Outros,0.0,0.0
2015,Antilhas Holandesas,6660.0,10545.0,-9981.0,-15905.0,1.5833333333333333,Outros,0.0,0.0
2015,Austrália,7437.0,48011.0,5483.0,34212.0,6.45569450047062,Outros,0.0,0.0
2015,Bélgica,4473.0,26399.0,-2727.0,-20135.0,5.901855577911916,Outros,0.0,0.0
2015,Bolívia,10674.0,12990.0,-2912.0,-3912.0,1.2169758291174817,Outros,0.0,0.0
2015,Canadá,24547.0,118394.0,10836.0,47298.0,4.823155579093168,América do Norte,0.0,0.0
2015,China,47609.0,222866.0,-86497.0,-276756.0,4.681173727656535,Outros,0.0,0.0
2015,Cingapura,1116.0,2774.0,-4329.0,-10425.0,2.485663082437276,Outros,0.0,0.0
2015,Cuba,97965.0,108864.0,34224.0,39034.0,1.1112540192926046,Outros,0.0,0.0
2015,Dinamarca,7080.0,29306.0,5802.0,21135.0,4.139265536723164,Outros,0.0,0.0
2015,Emirados Arabes Unidos,765.0,3740.0,180.0,980.0,4.888888888888889,Outros,0.0,0.0
2015,Estados Unidos,195896.0,524109.0,-62176.0,-163302.0,2.675445134152816,América do Norte,0.0,0.0
2015,França,1596.0,4749.0,-4441.0,-25306.0,2.975563909774436,Europa,0.0,0.0
2015,Hong Kong,1229.0,7837.0,-5746.0,-78362.0,6.376729048006509,Outros,0.0,0.0
2015,Japão,31597.0,87853.0,-2744.0,-3101.0,2.7804221919802514,Outros,0.0,0.0
2015,Luxemburgo,2295.0,17358.0,-464.0,-4068.0,7.563398692810457,Outros,0.0,0.0
2015,Noruega,1058.0,6021.0,-237.0,-3826.0,5.690926275992439,Outros,0.0,0.0
2015,Nova Zelândia,809.0,3476.0,305.0,-5996.0,4.296662546353523,Outros,0.0,0.0
2015,Países Baixos,44987.0,186464.0,2034.0,-3739.0,4.1448418431991465,Outros,0.0,0.0
2015,Paraguai,495428.0,741370.0,-490311.0,-914047.0,1.4964232946058762,América Latina,0.0,0.0
2015,Polônia,11654.0,42781.0,197.0,7379.0,3.6709284365882957,Outros,0.0,0.0
2015,Portugal,47736.0,42586.0,29408.0,-29827.0,0.8921149656443774,Outros,0.0,0.0
2015,Reino Unido,68382.0,308407.0,-48662.0,-228274.0,4.510061127197216,Outros,0.0,0.0
2015,Rússia,47664.0,18240.0,46201.0,9690.0,0.3826787512588117,Outros,0.0,0.0
2015,Suécia,1412.0,6404.0,1121.0,5190.0,4.5354107648725215,Outros,0.0,0.0
2015,Suíça,15872.0,85790.0,11642.0,52450.0,5.405115927419355,Outros,0.0,0.0
2015,Suriname,453.0,713.0,-447.0,-662.0,1.5739514348785872,Outros,0.0,0.0
2015,Taiwan (Formosa),7200.0,23940.0,-9767.0,-56439.0,3.325,Outros,0.0,0.0
2015,"Tcheca, República",2297.0,15304.0,-1540.0,-13169.0,6.662603395733566,Outros,0.0,0.0
2015,Total,1198479.0,2769160.0,-588070.0,-1665544.0,2.3105619706311082,Outros,0.0,0.0
2014,"Alemanha, República Democrática",213348.0,761653.0,202668.0,716873.0,3.5700029997937643,Outros,0.0,0.0
2014,Angola,12182.0,23124.0,10274.0,6035.0,1.8982104744705304,Outros,0.0,0.0
2014,Antilhas Holandesas,4455.0,7169.0,-2205.0,-3376.0,1.609203142536476,Outros,0.0,0.0
2014,Argentina,20385.0,95130.0,4674.0,35980.0,4.666666666666667,América Latina,0.0,0.0
2014,Aruba,450.0,755.0,0.0,0.0,1.6777777777777778,Outros,0.0,0.0
2014,Austrália,6308.0,43709.0,-1129.0,-4302.0,6.929137603043754,Outros,0.0,0.0
2014,Bélgica,151320.0,704093.0,146847.0,677694.0,4.653006872852234,Outros,0.0,0.0
2014,Bolívia,12534.0,18303.0,1860.0,5313.0,1.4602680708472953,Outros,0.0,0.0
2014,Canadá,35082.0,226875.0,10535.0,108481.0,6.466991619634,América do Norte,0.0,0.0
2014,China,64040.0,455340.0,16431.0,232474.0,7.110243597751405,Outros,0.0,0.0
2014,Cingapura,541.0,3887.0,-575.0,1113.0,7.184842883548983,Outros,0.0,0.0
2014,Cuba,38875.0,43200.0,-59090.0,-65664.0,1.1112540192926046,Outros,0.0,0.0
2014,Dinamarca,3240.0,16871.0,-3840.0,-12435.0,5.207098765432098,Outros,0.0,0.0
2014,Emirados Arabes Unidos,640.0,3381.0,-125.0,-359.0,5.2828125,Outros,0.0,0.0
2014,Estados Unidos,222267.0,494216.0,26371.0,-29893.0,2.2235239599220757,América do Norte,0.0,0.0
2014,Finlândia,12960.0,94962.0,5343.0,53959.0,7.327314814814815,Outros,0.0,0.0
2014,França,33755.0,167807.0,32159.0,163058.0,4.971322766997482,Europa,0.0,0.0
2014,Guine Equatorial,5646.0,11983.0,3007.0,-18580.0,2.122387530995395,Outros,0.0,0.0
2014,Hong Kong,18130.0,63534.0,16901.0,55697.0,3.5043574186431328,Outros,0.0,0.0
2014,Itália,604.0,2492.0,19.0,-973.0,4.125827814569536,Europa,0.0,0.0
2014,Japão,106426.0,401774.0,74829.0,313921.0,3.7751489297728,Outros,0.0,0.0
2014,Luxemburgo,8281.0,52400.0,5986.0,35042.0,6.327738195870064,Outros,0.0,0.0
2014,México,1521.0,24336.0,857.0,22044.0,16.0,Outros,0.0,0.0
2014,Noruega,7179.0,50464.0,6121.0,44443.0,7.02939128012258,Outros,0.0,0.0
2014,Nova Zelândia,2800.0,13675.0,1991.0,10199.0,4.883928571428571,Outros,0.0,0.0
2014,Países Baixos,165289.0,773767.0,120302.0,587303.0,4.681297606011289,Outros,0.0,0.0
2014,Paraguai,521847.0,908028.0,26419.0,166658.0,1.7400272493661935,América Latina,0.0,0.0
2014,Polônia,30181.0,107957.0,18527.0,65176.0,3.576985520691826,Outros,0.0,0.0
2014,Portugal,71544.0,79141.0,23808.0,36555.0,1.1061864027731187,Outros,0.0,0.0
2014,Reino Unido,305807.0,1373747.0,237425.0,1065340.0,4.492202598370868,Outros,0.0,0.0
2014,Rússia,190656.0,61440.0,142992.0,43200.0,0.32225579053373615,Outros,0.0,0.0
2014,Suécia,10404.0,51057.0,8992.0,44653.0,4.907439446366782,Outros,0.0,0.0
2014,Suíça,27933.0,231762.0,12061.0,145972.0,8.297067984104823,Outros,0.0,0.0
2014,Suriname,6.0,19.0,-447.0,-694.0,3.1666666666666665,Outros,0.0,0.0
2014,Taiwan (Formosa),12519.0,67907.0,5319.0,43967.0,5.424315041137471,Outros,0.0,0.0
2014,"Tcheca, República",4500.0,35005.0,2203.0,19701.0,7.778888888888889,Outros,0.0,0.0
2014,Trinidade Tobago,360.0,1600.0,0.0,0.0,4.444444444444445,Outros,0.0,0.0
2014,Venezuela,14.0,232.0,-666.0,-2414.0,16.571428571428573,Outros,0.0,0.0
2014,Total,2324029.0,7472795.0,1125550.0,4703635.0,3.21544825817578,Outros,0.0,0.0
2023,África do Sul,117.0,698.0,91.0,603.0,5.965811965811966,Outros,0.0,0.0
2023,"Alemanha, República Democrática",4806.0,31853.0,-208542.0,-729800.0,6.6277569704536,Outros,0.0,0.0
2023,Antígua e Barbuda,383.0,1848.0,346.0,1657.0,4.825065274151436,Outros,0.0,0.0
2023,Arábia Saudita,124.0,142.0,0.0,0.0,1.1451612903225807,Outros,0.0,0.0
2023,Argentina,4545.0,36133.0,-15840.0,-58997.0,7.95005500550055,América Latina,0.0,0.0
2023,Austrália,2485.0,13565.0,-3823.0,-30144.0,5.458752515090543,Outros,0.0,0.0
2023,Bahamas,1348.0,7402.0,1207.0,6768.0,5.491097922848665,Outros,0.0,0.0
2023,Barbados,58.0,303.0,22.0,-91.0,5.224137931034483,Outros,0.0,0.0
2023,Barein,283.0,1684.0,-199.0,-460.0,5.950530035335689,Outros,0.0,0.0
2023,Bélgica,95.0,683.0,-151225.0,-703410.0,7.189473684210526,Outros,0.0,0.0
2023,Bermudas,16.0,153.0,0.0,0.0,9.5625,Outros,0.0,0.0
2023,Bolívia,21926.0,36950.0,9392.0,18647.0,1.6852139013043874,Outros,0.0,0.0
2023,Canadá,11539.0,42179.0,-23543.0,-184696.0,3.655342750671635,América do Norte,0.0,0.0
2023,Catar,5.0,18.0,-13333.0,-81588.0,3.6,Outros,0.0,0.0
2023,"Cayman, Ilhas",438.0,2632.0,419.0,2429.0,6.0091324200913245,Outros,0.0,0.0
2023,Chile,9.0,63.0,-11040.0,-42769.0,7.0,América Latina,0.0,0.0
2023,China,73917.0,183096.0,9877.0,-272244.0,2.477048581517107,Outros,0.0,0.0
2023,Chipre,524.0,2995.0,245.0,2515.0,5.715648854961832,Outros,0.0,0.0
2023,Colômbia,450.0,1259.0,-6494.0,-25014.0,2.7977777777777777,Outros,0.0,0.0
2023,Congo,17100.0,26600.0,0.0,0.0,1.5555555555555556,Outros,0.0,0.0
2023,"Coreia, Republica Sul",25.0,171.0,17.0,151.0,6.84,Outros,0.0,0.0
2023,Curaçao,25135.0,40807.0,12795.0,17796.0,1.6235130296399443,Outros,0.0,0.0
2023,Dinamarca,1734.0,15261.0,-1506.0,-1610.0,8.801038062283737,Outros,0.0,0.0
2023,Emirados Arabes Unidos,1417.0,6762.0,777.0,3381.0,4.772053634438955,Outros,0.0,0.0
2023,Equador,2790.0,4392.0,2788.0,4389.0,1.5741935483870968,Outros,0.0,0.0
2023,Espanha,180.0,4171.0,-5943.0,-18460.0,23.17222222222222,Outros,0.0,0.0
2023,Estados Unidos,229839.0,429091.0,7572.0,-65125.0,1.8669198873994404,América do Norte,0.0,0.0
2023,Filipinas,94.0,334.0,-9514.0,-15871.0,3.5531914893617023,Outros,0.0,0.0
2023,Finlândia,5.0,11.0,-12955.0,-94951.0,2.2,Outros,0.0,0.0
2023,França,2265.0,14722.0,-31490.0,-153085.0,6.499779249448124,Europa,0.0,0.0
2023,Gana,7237.0,29473.0,-1763.0,15971.0,4.072543871770071,Outros,0.0,0.0
2023,Grécia,1294.0,3214.0,1062.0,2484.0,2.483771251931994,Outros,0.0,0.0
2023,Guatemala,2053.0,3758.0,456.0,-4961.0,1.8304919629810035,Outros,0.0,0.0
2023,Guiana,33651.0,88715.0,33227.0,87404.0,2.63632581498321,Outros,0.0,0.0
2023,Haiti,559645.0,871661.0,480145.0,727236.0,1.557524859509153,Outros,0.0,0.0
2023,Hong Kong,16255.0,71025.0,-1875.0,7491.0,4.369424792371578,Outros,0.0,0.0
2023,Ilha de Man,1428.0,4533.0,1400.0,4358.0,3.1743697478991595,Outros,0.0,0.0
2023,India,60.0,170.0,9.0,-103.0,2.8333333333333335,Outros,0.0,0.0
2023,Indonésia,9.0,30.0,4.0,24.0,3.3333333333333335,Outros,0.0,0.0
2023,Irlanda,150.0,377.0,-7410.0,-25390.0,2.513333333333333,Outros,0.0,0.0
2023,Itália,2922.0,27665.0,2318.0,25173.0,9.467830253251197,Europa,0.0,0.0
2023,Japão,22942.0,57780.0,-83484.0,-343994.0,2.5185249760265016,Outros,0.0,0.0
2023,Letônia,8.0,8.0,-379.0,-3715.0,1.0,Outros,0.0,0.0
2023,Libéria,39784.0,42463.0,39126.0,39363.0,1.0673386285944098,Outros,0.0,0.0
2023,Luxemburgo,581.0,7048.0,-7700.0,-45352.0,12.130808950086058,Outros,0.0,0.0
2023,Macau,7.0,6.0,0.0,0.0,0.8571428571428571,Outros,0.0,0.0
2023,Malavi,3660.0,6252.0,0.0,0.0,1.7081967213114755,Outros,0.0,0.0
2023,Malta,6561.0,24199.0,6058.0,23007.0,3.6883097088858405,Outros,0.0,0.0
2023,"Marshall, Ilhas",7417.0,31691.0,6494.0,29255.0,4.272751786436564,Outros,0.0,0.0
2023,Martinica,9.0,31.0,0.0,0.0,3.4444444444444446,Outros,0.0,0.0
2023,México,3.0,19.0,-1518.0,-24317.0,6.333333333333333,Outros,0.0,0.0
2023,Nigéria,10800.0,16464.0,5625.0,10214.0,1.5244444444444445,Outros,0.0,0.0
2023,Noruega,861.0,4243.0,-6318.0,-46221.0,4.9279907084785135,Outros,0.0,0.0
2023,Nova Zelândia,338.0,7177.0,-2462.0,-6498.0,21.233727810650887,Outros,0.0,0.0
2023,Países Baixos,2244.0,4958.0,-163045.0,-768809.0,2.2094474153297683,Outros,0.0,0.0
2023,Palau,45.0,143.0,0.0,0.0,3.1777777777777776,Outros,0.0,0.0
2023,Panamá,14785.0,68173.0,13602.0,65056.0,4.610957051065268,Outros,0.0,0.0
2023,Paraguai,3780378.0,5517263.0,3258531.0,4609235.0,1.4594474414992362,América Latina,0.0,0.0
2023,Peru,47277.0,84282.0,42084.0,64910.0,1.7827273304143665,Outros,0.0,0.0
2023,Pitcairn,11.0,22.0,0.0,0.0,2.0,Outros,0.0,0.0
2023,Polônia,298.0,590.0,-29883.0,-107367.0,1.9798657718120805,Outros,0.0,0.0
2023,Portugal,13742.0,46311.0,-57802.0,-32830.0,3.3700334740212488,Outros,0.0,0.0
2023,Reino Unido,11326.0,84547.0,-294481.0,-1289200.0,7.464859615045029,Outros,0.0,0.0
2023,São Cristóvão e Névis,16.0,31.0,0.0,0.0,1.9375,Outros,0.0,0.0
2023,São Vicente e Granadinas,39.0,139.0,31.0,91.0,3.5641025641025643,Outros,0.0,0.0
2023,Serra Leoa,23200.0,38548.0,23182.0,37831.0,1.661551724137931,Outros,0.0,0.0
2023,Singapura,3941.0,19781.0,-563.0,5435.0,5.01928444557219,Outros,0.0,0.0
2023,Suíça,2500.0,28763.0,-25433.0,-202999.0,11.5052,Outros,0.0,0.0
2023,Suriname,3105.0,5235.0,3099.0,5216.0,1.6859903381642511,Outros,0.0,0.0
2023,Tailândia,189.0,1387.0,181.0,1342.0,7.338624338624339,Outros,0.0,0.0
2023,Taiwan (Formosa),4208.0,19998.0,-8311.0,-47909.0,4.7523764258555135,Outros,0.0,0.0
2023,"Tcheca, República",405.0,3348.0,-4095.0,-31657.0,8.266666666666667,Outros,0.0,0.0
2023,Togo,14550.0,25235.0,12660.0,23223.0,1.734364261168385,Outros,0.0,0.0
2023,Toquelau,3.0,10.0,0.0,0.0,3.3333333333333335,Outros,0.0,0.0
2023,Turquia,28104.0,95421.0,27744.0,95271.0,3.395281810418446,Outros,0.0,0.0
2023,Uruguai,326093.0,454271.0,318382.0,424654.0,1.393071915067174,Outros,0.0,0.0
2023,Venezuela,141030.0,220512.0,141016.0,220280.0,1.5635822165496702,Outros,0.0,0.0
2023,Vietnã,72.0,128.0,52.0,96.0,1.7777777777777777,Outros,0.0,0.0
2023,Total,5538888.0,8923076.0,3214859.0,1450281.0,1.6109868984532636,Outros,0.0,0.0
